pass rate,n_query,n_batch,n_dim,k,avg_gpu_ms,avg_cpu_ms,avg_speedup,memory_mb
1.000000,10000.000000,1024.000000,128.000000,1.000000,4.869200,129.347500,26.662773,44.445312
1.000000,10000.000000,1024.000000,128.000000,5.000000,5.323200,128.476700,24.330916,44.445312
1.000000,10000.000000,1024.000000,128.000000,10.000000,5.392200,128.512700,23.938217,44.445312
1.000000,10000.000000,1024.000000,128.000000,20.000000,6.066800,132.487900,22.039271,44.445312
1.000000,10000.000000,1024.000000,128.000000,40.000000,6.306700,135.796600,21.593232,44.445312
