pass rate,n_query,n_batch,n_dim,k,avg_gpu_ms,avg_cpu_ms,avg_speedup,memory_mb
1.000000,10000.000000,1024.000000,128.000000,1.000000,5.108500,110.635200,21.662336,44.445312
1.000000,10000.000000,1024.000000,128.000000,5.000000,5.393600,114.988400,21.469508,44.445312
1.000000,10000.000000,1024.000000,128.000000,10.000000,5.441700,109.288200,20.727685,44.445312
1.000000,10000.000000,1024.000000,128.000000,20.000000,6.019400,114.773900,19.070887,44.445312
1.000000,10000.000000,1024.000000,128.000000,40.000000,6.066600,121.741100,20.077370,44.445312
