pass_rate,n,dim,n_clusters,n_query,n_probes,topk,iters,dist,algo,kmeans_ms,cpu_ms,gpu_ms,speedup,mismatch_count,kmeans_obj
1.000000,5000000.000000,20.000000,6300.000000,10000.000000,100.000000,10.000000,20.000000,0.000000,1.000000,3771.480000,2799.876000,124.732000,22.447135,0.000000,0.000000
1.000000,5000000.000000,32.000000,6300.000000,10000.000000,100.000000,10.000000,20.000000,0.000000,1.000000,1834.438000,3814.466000,148.924000,25.613508,0.000000,0.000000
1.000000,5000000.000000,64.000000,6300.000000,10000.000000,100.000000,10.000000,20.000000,0.000000,1.000000,2474.958000,8254.662000,244.040000,33.825037,0.000000,0.000000
1.000000,5000000.000000,96.000000,6300.000000,10000.000000,100.000000,10.000000,20.000000,0.000000,1.000000,2998.751000,14719.636000,360.905000,40.785348,0.000000,0.000000
1.000000,5000000.000000,115.000000,6300.000000,10000.000000,100.000000,10.000000,20.000000,0.000000,1.000000,3297.094000,20036.032000,1523.281000,13.153208,0.000000,0.000000
1.000000,5000000.000000,128.000000,6300.000000,10000.000000,100.000000,10.000000,20.000000,0.000000,1.000000,3458.356000,24294.986000,542.824000,44.756654,0.000000,0.000000
1.000000,5000000.000000,192.000000,6300.000000,10000.000000,100.000000,10.000000,20.000000,0.000000,1.000000,4459.088000,57329.625000,1185.070000,48.376573,0.000000,0.000000
1.000000,5000000.000000,200.000000,6300.000000,10000.000000,100.000000,10.000000,20.000000,0.000000,1.000000,4659.208000,60365.857000,787.802000,76.625671,0.000000,0.000000
0.000000,5000000.000000,256.000000,6300.000000,10000.000000,100.000000,10.000000,20.000000,0.000000,1.000000,5551.729000,105456.087000,2138.534000,49.312327,4.000000,0.000000
