pass_rate,n,k,dim,iters,dist,algo,gpu_ms,cpu_ms,speedup,rel_obj_err,centroid_rmse,gpu_obj,cpu_obj
0.000000,10000.000000,100.000000,96.000000,5.000000,0.000000,0.000000,1312.375000,0.000000,0.000000,290995.375000,0.457877,290995.375000,0.000000
0.000000,20000.000000,159.000000,96.000000,5.000000,0.000000,0.000000,23.506000,0.000000,0.000000,578309.125000,0.454596,578309.125000,0.000000
0.000000,50000.000000,292.000000,96.000000,5.000000,0.000000,0.000000,32.094000,0.000000,0.000000,1436234.500000,0.437786,1436234.500000,0.000000
0.000000,100000.000000,464.000000,96.000000,5.000000,0.000000,0.000000,49.056000,0.000000,0.000000,2856636.000000,0.426868,2856636.000000,0.000000
