pass_rate,n,k,dim,iters,dist,algo,gpu_ms,cpu_ms,speedup,rel_obj_err,centroid_rmse,gpu_obj,cpu_obj
1.000000,10000.000000,100.000000,96.000000,5.000000,0.000000,1.000000,1324.579000,0.000000,0.000000,0.000000,0.452366,0.000000,0.000000
1.000000,20000.000000,159.000000,96.000000,5.000000,0.000000,1.000000,28.229000,0.000000,0.000000,0.000000,0.557350,0.000000,0.000000
1.000000,50000.000000,292.000000,96.000000,5.000000,0.000000,1.000000,40.852000,0.000000,0.000000,0.000000,0.407025,0.000000,0.000000
1.000000,100000.000000,464.000000,96.000000,5.000000,0.000000,1.000000,44.073000,0.000000,0.000000,0.000000,0.408575,0.000000,0.000000
